,item_name,url
0,Como Blu Women's Athleisure Sweatpants,https://www.walmart.com/ip/Como-Blu-Women-s-Athleisure-Sweatpants/878196763
1,"Feathers Women's Active Fleece Leggings, 2-Pack",https://www.walmart.com/ip/Feathers-Women-s-Active-Fleece-Leggings-2-Pack/855297604
2,Comfort Colors Women's Athleisure Short Sleeve Tee,https://www.walmart.com/ip/Comfort-Colors-Women-s-Athleisure-Short-Sleeve-Tee/925828356
3,Athletic Works Women's Athleisure Knit Wrap Cardigan,https://www.walmart.com/ip/Athletic-Works-Women-s-Athleisure-Knit-Wrap-Cardigan/143386167
4,Champion Women's Powerblend Fleece Joggers,https://www.walmart.com/ip/Champion-Women-s-Powerblend-Fleece-Joggers/741347781
5,Champion Women's Sport Ultra High Rise Legging Tight,https://www.walmart.com/ip/Champion-Women-s-Sport-Ultra-High-Rise-Legging-Tight/862716282
6,Athletic Works Women's Athleisure 5-Stripe Crewneck Sweatshirt - Yellow/Orange/Red/Blue/Navy,https://www.walmart.com/ip/Athletic-Works-Women-s-Athleisure-5-Stripe-Crewneck-Sweatshirt-Yellow-Orange-Red-Blue-Navy/895849811
7,Athletic Works Women's Athleisure 5-Stripe Sweatpants - Yellow/Orange/Red/Blue/Navy,https://www.walmart.com/ip/Athletic-Works-Women-s-Athleisure-5-Stripe-Sweatpants-Yellow-Orange-Red-Blue-Navy/554092968
8,Champion Women's Campus Fleece Cropped Crew Sweatshirt,https://www.walmart.com/ip/Champion-Women-s-Campus-Fleece-Cropped-Crew-Sweatshirt/941912613
9,Champion Women's Powerblend Graphic Jogger,https://www.walmart.com/ip/Champion-Women-s-Powerblend-Graphic-Jogger/466832058
10,Champion Women's Muscle Tank,https://www.walmart.com/ip/Champion-Women-s-Muscle-Tank/307972912
11,Avia Women's Core Running Shorts,https://www.walmart.com/ip/Avia-Women-s-Core-Running-Shorts/754906766
12,Athletic Works Women's Active Dri More Core Shelf-Bra Racerback Tank,https://www.walmart.com/ip/Athletic-Works-Women-s-Active-Dri-More-Core-Shelf-Bra-Racerback-Tank/532072492
13,Avalanche Women's Crewneck Breathable Wool Blend Short Sleeve Base Layer Top,https://www.walmart.com/ip/Avalanche-Women-s-Crewneck-Breathable-Wool-Blend-Short-Sleeve-Base-Layer-Top/901270090
14,Women's Active High Waist Full Length Leggings with Pockets and Long Sleeve Active Top Set,https://www.walmart.com/ip/S2-Sportswear-Women-s-Active-High-Waist-Full-Length-Leggings-with-Pockets-and-Long-Sleeve-Active-Top-2-Piece-Set/396227986
15,Champion Women's Powerblend Fleece Open Bottom Pants,https://www.walmart.com/ip/Champion-Women-s-Powerblend-Fleece-Open-Bottom-Pants/140331088
16,Scorpio Sol Women's Active High Waist Leggings,https://www.walmart.com/ip/Scorpio-Sol-Women-s-Active-High-Waist-Leggings/504705373
17,Champion Women's Sport Mock Neck Pullover,https://www.walmart.com/ip/Champion-Women-s-Sport-Mock-Neck-Pullover/239381267
18,S2 Sportswear Women's 2-Pack Active Full Length High-Waist Leggings with Pockets,https://www.walmart.com/ip/S2-Sportswear-Women-s-2-Pack-Active-Full-Length-High-Waist-Leggings-with-Pockets/401098724
19,GBH Women's Heavyweight Loose-Fit Sherpa Fleece-Lined Hoodie (2-Pack),https://www.walmart.com/ip/GBH-Women-s-Heavyweight-Loose-Fit-Sherpa-Fleece-Lined-Hoodie-2-Pack/644519585
20,360Air Women's Active Crewneck Cool Tee,https://www.walmart.com/ip/360Air-Women-s-Active-Crewneck-Cool-Tee/159004407
21,Yogalicious Womens Tie Back Tank Top,https://www.walmart.com/ip/Yogalicious-Women-s-Tie-Back-Tank-Top/315288066
22,Avalanche Women's Moisture Wicking Wool Blend Long Sleeve Crewneck Base Layer Top,https://www.walmart.com/ip/Avalanche-Women-s-Moisture-Wicking-Wool-Blend-Long-Sleeve-Crewneck-Base-Layer-Top/371544891
23,Athletic Works Women's Dri-More Core Athleisure Relaxed Fit Yoga Pants Available in Regular and Petite,https://www.walmart.com/ip/Athletic-Works-Women-s-Dri-More-Core-Athleisure-Relaxed-Fit-Yoga-Pants-Available-in-Regular-and-Petite/790050711
24,"Feathers Women's Plus Size High-Waisted Cozy Fleece Lined Legging, 2-Pack Bundle",https://www.walmart.com/ip/Feathers-Women-s-Plus-Size-High-Waisted-Cozy-Fleece-Lined-Legging-2-Pack-Bundle/204683389
25,Champion Women's Fleece Applique Joggers,https://www.walmart.com/ip/Champion-Women-s-Fleece-Applique-Joggers/464985590
26,Layer 8 Women's Active 7/8 Camo Printed Leggings,https://www.walmart.com/ip/Layer-8-Women-s-Active-7-8-Camo-Printed-Leggings/130295176
27,Athletic Works Women's Dri More Core Athleisure Bootcut Yoga Pants Available in Regular and Petite,https://www.walmart.com/ip/Athletic-Works-Women-s-Dri-More-Core-Athleisure-Bootcut-Yoga-Pants-Available-in-Regular-and-Petite/930693094
28,Terra & Sky Women's Plus Size Fleece Athleisure Sweatshirt,https://www.walmart.com/ip/Terra-Sky-Women-s-Plus-Size-Fleece-Athleisure-Sweatshirt/726697124
29,2 Pack Winter Warm Fleece Lined Thick Brushed Full Length Leggings Thights Thermal Pants,https://www.walmart.com/ip/2-Pack-Winter-Warm-Fleece-Lined-Thick-Brushed-Full-Length-Leggings-Thights-Thermal-Pants/419699170
30,Athletic Works 5-Stripe (Yellow/Orange/Red/Brown/Black) Set,https://www.walmart.com/co/Athletic-Works-5-Stripe-Yellow-Orange-Red-Brown-Black-Set/509078731
31,Como Blu Women's Athleisure Faux Sherpa Joggers,https://www.walmart.com/ip/Como-Blu-Women-s-Athleisure-Faux-Sherpa-Joggers/788980033
32,Como Blu Women's Athleisure Jumpsuit with Short Sleeves,https://www.walmart.com/ip/Como-Blu-Women-s-Athleisure-Jumpsuit-with-Short-Sleeves/854891843
33,Women's Loose Fit Full Zip Sherpa Lined Hoodie Fleece,https://www.walmart.com/ip/GBH-Women-s-Loose-Fit-Oversize-Full-Zip-Sherpa-Lined-Hoodie-Fleece/305363575
34,Champion Women's Powerblend Boyfriend Left Chest Crewneck Sweatshirt,https://www.walmart.com/ip/Champion-Women-s-Powerblend-Boyfriend-Left-Chest-Crewneck-Sweatshirt/836663332
35,Athletic Works Women's Athleisure Ribbed Zip Front Jacket with Hood,https://www.walmart.com/ip/Athletic-Works-Women-s-Athleisure-Ribbed-Zip-Front-Jacket-with-Hood/450048528
36,Terra & Sky Women's Plus Size Soft Full Length Legging 2 Pack Bundle,https://www.walmart.com/ip/Terra-Sky-Women-s-Plus-Size-Super-Soft-Legging-2-Pack-Bundle/402783095
37,Avia Women's Athleisure Ottoman Tunic Jacket,https://www.walmart.com/ip/Avia-Women-s-Athleisure-Ottoman-Tunic-Jacket/775459744
38,"Liv & Lottie Juniors' Bike Shorts, 2-Pack",https://www.walmart.com/ip/Liv-Lottie-Juniors-Bike-Shorts-2-Pack/807440636
39,Champion Women's Plus Size Powerblend Logo Graphic Hoodie,https://www.walmart.com/ip/Champion-Women-s-Plus-Size-Powerblend-Logo-Graphic-Hoodie/167624537
40,Apana Women's Athleisure Stretch Woven Tie Front Shorts,https://www.walmart.com/ip/Apana-Women-s-Athleisure-Stretch-Woven-Tie-Front-Shorts/751910780
41,Athletic Works 5-Stripe (Yellow/Orange/Red/Blue/Navy) Set,https://www.walmart.com/co/Athletic-Works-5-Stripe-Yellow-Orange-Red-Blue-Navy-Set/487671300
42,Terra & Sky Women's Plus Size Athleisure Zip Up Fleece Hoodie,https://www.walmart.com/ip/Terra-Sky-Women-s-Plus-Size-Full-Zip-Athleisure-Fleece-Hoodie/909043227
43,"Avia Women's Flex Tech 7"" Bike Short",https://www.walmart.com/ip/Avia-Women-s-Active-Seamless-Bike-Shorts/935162291
44,Como Blu Women's Athleisure Jumpsuit with Long Sleeves,https://www.walmart.com/ip/Como-Blu-Women-s-Athleisure-Jumpsuit-with-Long-Sleeves/174468005
45,Champion The Authentic-Graphic Sports Bra,https://www.walmart.com/ip/Champion-The-Authentic-Graphic-Sports-Bra/772200263
46,Athletic Works Women's Athleisure Plush Hoodie,https://www.walmart.com/ip/Athletic-Works-Women-s-Athleisure-Plush-Hoodie/789953012
47,Terra & Sky Women's Plus Size Fleece Athleisure Sweatshirt 2-Pack,https://www.walmart.com/ip/Terra-Sky-Women-s-Plus-Size-Fleece-Athleisure-Sweatshirt-2-Pack/654699884
48,Scorpio Sol Women's Active High Waist Leggings,https://www.walmart.com/ip/Scorpio-Sol-Women-s-Active-High-Waist-Leggings/872699861
49,Athletic Works Women's Plus Size Active Ottoman Tunic Jacket,https://www.walmart.com/ip/Avia-Women-s-Plus-Size-Active-Ottoman-Tunic-Jacket/128100856
50,Terra & Sky Women's Plus Size Pin-Tuck Knit Pants,https://www.walmart.com/ip/Terra-Sky-Women-s-Plus-Size-Pintuck-Knit-Pants/362314854
51,Champion Womens Sport Racerback Tank,https://www.walmart.com/ip/Champion-Women-s-Sport-Racerback-Tank/507333343
52,Champion The Sweatshirt Chevron Racerback Sports Bra,https://www.walmart.com/ip/Champion-The-Sweatshirt-Chevron-Racerback-Sports-Bra/252991562
53,Athletic Works Women's Athleisure Dri More Core Piped Bermuda Shorts,https://www.walmart.com/ip/Athletic-Works-Women-s-Athleisure-Dri-More-Core-Piped-Bermuda-Shorts/687646251
54,Athletic Works Women's Athleisure 5-Stripe Sweatpants - Yellow/Orange/Red/Brown/Black,https://www.walmart.com/ip/Athletic-Works-Women-s-Athleisure-5-Stripe-Sweatpants-Yellow-Orange-Red-Brown-Black/190923146
55,Champion Women's Plus Size Logo Graphic Short Sleeve V-Neck T-Shirt,https://www.walmart.com/ip/Champion-Women-s-Plus-Size-Logo-Graphic-Short-Sleeve-V-Neck-T-Shirt/664617035
56,Champion Womens Campus French Terry Short,https://www.walmart.com/ip/Champion-Women-s-Campus-French-Terry-Short/163697277
57,Champion Women's Infinity Lightweight Sports Bra,https://www.walmart.com/ip/Champion-Women-s-Infinity-Lightweight-Sports-Bra/607792748
58,Champion Women's Sport Jogger Tights,https://www.walmart.com/ip/Champion-Women-s-Sport-Jogger-Tights/585909441
59,Terra & Sky Women's Plus Size Soft Full Length Legging 3 Pack Bundle,https://www.walmart.com/ip/Terra-Sky-Women-s-Plus-Size-Soft-Leggings-3-Pack-Bundle/155486539
60,Terra & Sky Women's Plus Size French Terry Sweatshirt,https://www.walmart.com/ip/Terra-Sky-Women-s-Plus-Size-French-Terry-Sweatshirt/406119028
61,Champion Womens Middleweight Hoodie,https://www.walmart.com/ip/Champion-Women-s-Middleweight-Hoodie/999209503
62,Terra & Sky Women's Plus Size Fleece Athleisure Sweatpant 2-Pack,https://www.walmart.com/ip/Terra-Sky-Women-s-Plus-Size-Fleece-Athleisure-Sweatpant-2-Pack/780321924
63,Athletic Works Women's Athleisure 5-Stripe Crewneck Sweatshirt - Yellow/Orange/Red/Brown/Black,https://www.walmart.com/ip/Athletic-Works-Women-s-Athleisure-5-Stripe-Crewneck-Sweatshirt-Yellow-Orange-Red-Brown-Black/200402392
64,Athletic Women's Athleisure Soft Hoodie Sweatshirt,https://www.walmart.com/ip/Athletic-Works-Women-s-Athleisure-Soft-Hoodie-Sweatshirt/864781900
65,Como Blu Women's Plus Size Quarter Zip Faux Sherpa Pullover,https://www.walmart.com/ip/Como-Blu-Women-s-Plus-Size-Quarter-Zip-Faux-Sherpa-Pullover/911100832
66,Athletic Works Women's Athleisure Soft Jogger Sweatpants,https://www.walmart.com/ip/Athletic-Works-Women-s-Athleisure-Soft-Joggers-Sweatpants/838355958
67,Athletic Work Women's Athleisure Knit Capri Pant,https://www.walmart.com/ip/Athletic-Work-Women-s-Athleisure-Knit-Capri-Pants/553119652
68,Champion Women's Plus Size Tie-Dye Pullover Hoodie,https://www.walmart.com/ip/Champion-Women-s-Plus-Size-Tie-Dye-Pullover-Hoodie/387608448
69,Champion Womens Cropped Tee,https://www.walmart.com/ip/Champion-Women-s-Cropped-Tee/883264043
70,Champion Women's Varsity Short,https://www.walmart.com/ip/Champion-Women-s-Varsity-Short/376882743
71,Lilly Posh Women's Plush Pullover with Plaid Accents,https://www.walmart.com/ip/Lilly-Posh-Women-s-Plush-Pullover-with-Plaid-Accents/127254251
72,Terra & Sky Women's Plus Size Full Zip Fleece Hoodie,https://www.walmart.com/ip/Terra-Sky-Women-s-Plus-Size-Full-Zip-Fleece-Hoodie/740877694
73,Champion Womens Sport Lightweight Tee,https://www.walmart.com/ip/Champion-Women-s-Sport-Lightweight-Tee/277688887
74,Avia Women's Athleisure Quilted Tunic Jacket,https://www.walmart.com/ip/Avia-Women-s-Quilted-Tunic-Jacket/210265875
75,Como Blu Women's Athleisure Cowlneck Pullover Top,https://www.walmart.com/ip/Como-Blu-Women-s-Athleisure-Cowlneck-Pullover-Top/649942075
76,Athletic Works Women's Athleisure Velour Hooded Track Jacket,https://www.walmart.com/ip/Athletic-Works-Women-s-Athleisure-Velour-Hooded-Track-Jacket/965216510
77,Lilly Posh Women's Long Sleeve Sherpa Fleece Casual Pullover Sweater,https://www.walmart.com/ip/Lilly-Posh-Women-s-Long-Sleeve-Sherpa-Fleece-Casual-Pullover-Sweater/269364893
78,Como Blu Women's Plus Size Super Soft Hacci Knit 2 Piece Set,https://www.walmart.com/ip/Como-Blu-Women-s-Plus-Size-Super-Soft-Hacci-Knit-2-Piece-Set/506854999
79,No Boundaries Juniors' Plus Sherpa Pullover,https://www.walmart.com/ip/No-Boundaries-Juniors-Plus-Sherpa-Pullover/310418849
80,Champion Women's Authentic Print Leggings,https://www.walmart.com/ip/Champion-Women-s-Authentic-Print-Leggings/141488658
81,Lilly Posh Women's Long Sleeve Loose Sherpa Pullover with Stand Collar with Pockets,https://www.walmart.com/ip/Lilly-Posh-Women-s-Long-Sleeve-Loose-Sherpa-Pullover-with-Stand-Collar-with-Pockets/289193743
82,Avia Women's Active Performance Black and White Stripe Leggings,https://www.walmart.com/ip/Avia-Women-s-Active-Performance-Striped-Leggings/228363273
83,"Athletic Works Women's Plus Size Relaxed Fit French Terry Sweatpant, 2-Pack Bundle",https://www.walmart.com/ip/Athletic-Works-Women-s-Plus-Size-Relaxed-Fit-French-Terry-Sweatpant-2-Pack-Bundle/218551600
84,Reebok Women's Active Marathon Short,https://www.walmart.com/ip/Reebok-Women-s-Active-Marathon-Short/579808917
85,Just My Size Women's Plus Size Fleece Sweatpants (Regular and Petite Sizes),https://www.walmart.com/ip/Just-My-Size-Women-s-Plus-Size-Fleece-Sweatpants-Regular-and-Petite-Sizes/54778908
86,Time and Tru Women's Crewneck Sweatshirt,https://www.walmart.com/ip/Time-and-Tru-Women-s-Crewneck-Sweatshirt/777380698
87,Champion Women's Powerblend Boyfriend Graphic Crewneck Sweatshirt,https://www.walmart.com/ip/Champion-Women-s-Powerblend-Boyfriend-Graphic-Crewneck-Sweatshirt/874446882
88,Champion Women's Plus Size French Terry Jersey Pants,https://www.walmart.com/ip/Champion-Women-s-Plus-Size-French-Terry-Jersey-Pants/150668474
89,Women's Dri-Works Core Active Legging,https://www.walmart.com/ip/Women-s-Dri-Works-Core-Active-Legging/150338960
90,Champion Women's Sport Short-Print,https://www.walmart.com/ip/Champion-Women-s-Sport-Short-Print/508641481
91,Champion Women's Classic Long Sleeve Tee,https://www.walmart.com/ip/Champion-Women-s-Classic-Long-Sleeve-Tee/372759610
92,Como Blu Women's Athleisure 1/4 Zip Fleece Pullover,https://www.walmart.com/ip/Como-Blu-Women-s-Athleisure-1-4-Zip-Fleece-Pullover/428144179
93,Athletic Works Women's Active Printed Sports Bra,https://www.walmart.com/ip/Athletic-Works-Women-s-Active-Printed-Sports-Bra/897250699
94,Athletic Works Women's Active Printed Capris,https://www.walmart.com/ip/Athletic-Works-Women-s-Active-Printed-Capris/688157125
95,Athletic Works Women's Athleisure Velour Relaxed Fit Sweatpant,https://www.walmart.com/ip/Athletic-Works-Women-s-Athleisure-Velour-Relaxed-Fit-Sweatpant/566425052
96,"Feathers Women's Hoodie & Joggers Athleisure Set, 2-Piece",https://www.walmart.com/ip/Feathers-Women-s-Hoodie-Joggers-Athleisure-Set-2-Piece/107791929
97,Ma Croix Womens Premium Soft Fleece Sweatpants Yoga Joggers with Ribbed Cuffs,https://www.walmart.com/ip/Ma-Croix-Womens-Premium-Soft-Fleece-Sweatpants-Yoga-Joggers-with-Ribbed-Cuffs/538103926
98,Como Blu Women's Athleisure Set,https://www.walmart.com/ip/Como-Blu-Women-s-Athleisure-Set/763026528
99,Athletic Works Women's Active Printed Tank with Mesh Detail,https://www.walmart.com/ip/Athletic-Works-Women-s-Active-Printed-Tank-with-Mesh-Detail/120604177
100,Avia Women's Active Quilted Vest,https://www.walmart.com/ip/Avia-Women-s-Active-Quilted-Vest/531504283
101,Champion Women's Campus Jogger with Taping,https://www.walmart.com/ip/Champion-Women-s-Campus-Jogger-with-Taping/749184882
102,5-Pack Women's Racerback Tank Top Dry-Fit Athletic Performance Yoga Activewear,https://www.walmart.com/ip/5-Pack-Women-s-Racerback-Tank-Top-Dry-Fit-Athletic-Performance-Yoga-Activewear/879024101?wpa_bd=&wpa_pg_seller_id=D341AE49FE0B41A7BCA474FF75B78958&wpa_ref_id=wpaqs:q11lrz3aAeLGSQ2aEzWzQbeVbPzzhkyfefvDtltB71Z33L6YL-qYrToxQ-RZgDMgkdDznfkM-BkFh4-_S8RZksAEnHZmdbZ-0-A0DGYdobafsVWDdprUWC9MHb9d2fVV3aFZCMVRxXNGYPCn89XFvcI2ItIwr7LyE4BEzfRklXR9as1MuVtSO8uoAqWcpLholNjY_3WoYkVJIUxhnI3EXQ&wpa_tag=__tag__&wpa_aux_info=__aux_info__&wpa_pos=3&wpa_plmt=__plmt__&wpa_aduid=__aduid__
103,Athletic Works Women's Plus Size French Terry Wrap Jacket,https://www.walmart.com/ip/Athletic-Works-Women-s-Plus-Size-French-Terry-Wrap-Cowl-Jacket/822705912
104,Como Blu Women's Athleisure Crewneck Sweatshirt,https://www.walmart.com/ip/Como-Blu-Women-s-Athleisure-Crewneck-Sweatshirt/637897160
105,Reebok Women's Active 2.0 Seamless Strappy Bra,https://www.walmart.com/ip/Reebok-Women-s-Active-2-0-Seamless-Strappy-Bra/401134679
106,"Eye Candy Juniors' Chevron Hoodie and Joggers Loungewear Set, 2-Piece",https://www.walmart.com/ip/Eye-Candy-Juniors-Chevron-Hoodie-and-Joggers-Loungewear-Set-2-Piece/587062171
107,5-Pack Fleece Lined Leggings for Women Winter Warm Thermal Full Length Leggings,https://www.walmart.com/ip/5-Pack-Fleece-Lined-Leggings-for-Women-Winter-Warm-Thermal-Full-Length-Leggings/787942119
108,"S2 Sportswear Women's Active High Waist Full Length Leggings with Pockets and Racer Back Sports Bra, 2-Piece Set",https://www.walmart.com/ip/S2-Sportswear-Women-s-Active-High-Waist-Full-Length-Leggings-with-Pockets-and-Racer-Back-Sports-Bra-2-Piece-Set/779246581
109,Silverwear Women's Athleisure Joggers Set,https://www.walmart.com/ip/Silverwear-Women-s-Athleisure-Joggers-Set/413011417
110,Athletic Work's Womens Active Reversible Capri Legging,https://www.walmart.com/ip/Athletic-Work-s-Women-s-Active-Reversible-Capri-Leggings/889341070
111,Gildan Women's Athleisure Soft Cotton Crewneck Fleece Sweatshirt,https://www.walmart.com/ip/Gildan-Women-s-Athleisure-Soft-Cotton-Crewneck-Fleece-Sweatshirt/48181030
112,Athletic Works Women's Plus Velour Jacket,https://www.walmart.com/ip/Athletic-Works-Women-s-Plus-Velour-Jacket/728219235
113,Como Blu Women's Athleisure Polar Fleece Joggers,https://www.walmart.com/ip/Como-Blu-Women-s-Athleisure-Polar-Fleece-Joggers/409514075
114,Athletic Works Women's Active Printed Bike Shorts,https://www.walmart.com/ip/Athletic-Works-Women-s-Active-Printed-Bike-Shorts/366618114
115,Gildan Women's Athleisure Fleece Sweatpants with Pockets,https://www.walmart.com/ip/Gildan-Women-s-Athleisure-Fleece-Sweatpants-with-Pockets/48181229
116,Athletic Works Women's Active Performance Long Sleeve Crewneck Commuter T-Shirt,https://www.walmart.com/ip/Athletic-Works-Women-s-Active-Performance-Long-Sleeve-Crewneck-Commuter-T-Shirt/701141560
117,Athletic Works Women's Athleisure Retro Stripe Track Jacket,https://www.walmart.com/ip/Athletic-Works-Women-s-Athleisure-Retro-Stripe-Track-Jacket/726653199
118,Athletic Works Women's Active Striped Short Sleeve Crewneck T-Shirt,https://www.walmart.com/ip/Athletic-Works-Women-s-Active-Striped-Short-Sleeve-Crewneck-T-Shirt/272914096
119,Athletic Works Women's Athleisure Soft Jogger Pants,https://www.walmart.com/ip/Athletic-Works-Women-s-Athleisure-Soft-Jogger-Pants/643798632
120,Women's Dri More Core Low Impact Cami Sports Bra,https://www.walmart.com/ip/Women-s-Dri-More-Core-Low-Impact-Cami-Sports-Bra/587450382
121,Athletic Works Women's Athleisure Heathered V Neck Tee (2-Pack),https://www.walmart.com/ip/Athletic-Works-Women-s-Athleisure-Heathered-V-Neck-Tee-2-Pack/795214566
122,"Athletic Works Women's Plus Size Velour Zip-Up Jacket and Pant, 2-Piece Set",https://www.walmart.com/ip/Athletic-Works-Women-s-Plus-Size-Velour-Zip-Up-Jacket-and-Pant-2-Piece-Set/626190393
123,Women's Active Nude tech High Rise Side Pocket Ankle,https://www.walmart.com/ip/Women-s-Active-Nude-tech-High-Rise-Side-Pocket-Ankle/343421322
124,Penn Women's Active Millenial 1/4 Zip,https://www.walmart.com/ip/Penn-Women-s-Active-Millenial-1-4-Zip/569116497
125,Ma Croix Womens Premium French Terry Joggers Wrinkle Resistant Sweatpants,https://www.walmart.com/ip/Ma-Croix-Womens-Premium-French-Terry-Joggers-Wrinkle-Resistant-Sweatpants/567758919
126,Penn Women's Active High Jump Tank Top,https://www.walmart.com/ip/Penn-Women-s-Active-High-Jump-Tank-Top/239107418
127,Women's Active High Waisted 7/8 Legging with hidden pocket and six rubber stripes on sides,https://www.walmart.com/ip/Women-s-Active-High-Waisted-7-8-Legging-with-hidden-pocket-and-six-rubber-stripes-on-sides/892721937
128,Scorpio Sol Women's Active High Waist Ultrasuede Leggings,https://www.walmart.com/ip/Scorpio-Sol-Women-s-Active-High-Waist-Ultrasuede-Leggings/679905134
129,Women's Athleisure Athletic Works Bermuda Short,https://www.walmart.com/ip/Athletic-Works-Women-s-Athleisure-Bermuda-Shorts-2pk/818398496
130,Apana Women's Active Tank Top with Mesh Trim,https://www.walmart.com/ip/Apana-Women-s-Active-Tank-Top-with-Mesh-Trim/557509012
131,Apana Women's Active Asymmetrical Block 7/8 Leggings,https://www.walmart.com/ip/Apana-Women-s-Active-Asymmetrical-Block-7-8-Leggings/919334156
132,Lightweight Mesh Crewneck Active Long Sleeve Top,https://www.walmart.com/ip/Lightweight-Mesh-Crewneck-Active-Long-Sleeve-Top/958740398
133,Penn Women's Active Tournament Short Sleeve Top,https://www.walmart.com/ip/Penn-Women-s-Active-Tournament-Short-Sleeve-Top/651215678
134,Athletic Works Women's Active Long Sleeve Striped Crewneck Commuter T-Shirt,https://www.walmart.com/ip/Athletic-Works-Women-s-Active-Performance-Long-Sleeve-Crewneck-Commuter-T-Shirt/510518359
135,Women's Active Performance Tank Top with Laser Cut Diamond Pattern,https://www.walmart.com/ip/Women-s-Active-Performance-Tank-Top-with-Laser-Cut-Diamond-Pattern/582533533
136,Athletic Works Women's Athleisure Relaxed Capri with Pockets,https://www.walmart.com/ip/Athletic-Works-Women-s-Athleisure-Relaxed-Capri-with-Pockets/491230280
137,Athletic Works Women's Athleisure Heathered Yoke Tank (2-Pack),https://www.walmart.com/ip/Athletic-Works-Women-s-Athleisure-Heathered-Yoke-Tank-2-Pack/698579749
138,Apana Women's Active 7/8 Leggings,https://www.walmart.com/ip/Apana-Women-s-Active-7-8-Leggings/383134621
139,Women's Active High Waisted 7/8 Legging with hidden pocket and rubber stripes on left leg,https://www.walmart.com/ip/Women-s-Active-High-Waisted-7-8-Legging-with-hidden-pocket-and-rubber-stripes-on-left-leg/627514251
140,Apana Women's Athleisure Stretch Woven Joggers Pant with Ribbed Cuffs,https://www.walmart.com/ip/Apana-Women-s-Athleisure-Stretch-Woven-Joggers-Pant-with-Ribbed-Cuffs/733345000
141,Women Solid Color Elastic High Waist Wide Leg Yoga Pants,https://www.walmart.com/ip/Women-Solid-Color-Elastic-High-Waist-Wide-Leg-Yoga-Pants/598340888
142,Avia Women's Active Performance Flex Tech Core Leggings,https://www.walmart.com/ip/Avia-Women-s-Active-Compression-Flex-Tech-Core-Leggings/966435688
143,Avia Women's Flex Tech Capri,https://www.walmart.com/ip/Avia-Women-s-Flex-Tech-Capri-Leggings/378991306
144,Women's Active Space Dye High Rise Pocket Ankle,https://www.walmart.com/ip/Women-s-Active-Space-Dye-High-Rise-Pocket-Ankle/275864307
145,FITTOO High Waist Yoga Pants with Pockets for Women Tummy Control Yoga Leggings 4 Way Stretch Workout Pants,https://www.walmart.com/ip/FITTOO-High-Waist-Yoga-Pants-with-Pockets-for-Women-Tummy-Control-Yoga-Leggings-4-Way-Stretch-Workout-Pants/793156159
146,Apana Women's Active 7/8 Open Lattice Leggings,https://www.walmart.com/ip/Apana-Women-s-Active-7-8-Open-Lattice-Leggings/748523974
147,Athletic Works Women's Active Performance Short Sleeve Crewneck T-Shirt,https://www.walmart.com/ip/Athletic-Works-Women-s-Active-Performance-Short-Sleeve-Crewneck-T-Shirt/339134923
148,S2 Sportswear Womens High Waist 7/8 Active Leggings with Mesh Inserts & Slant Bottom,https://www.walmart.com/ip/S2-Sportswear-Women-s-High-Waist-7-8-Active-Leggings-with-Mesh-Inserts-Slant-Bottom/484598530
149,Avia Women's Athleisure Tape Side Pullover Crewneck Sweatshirt,https://www.walmart.com/ip/Avia-Women-s-Athleisure-Tape-Stripe-Crewneck-Sweatshirt/537437809
150,"Athletic Works Women's Core Active Dri-Works Bike Short, 2 Pack Value Bundle",https://www.walmart.com/ip/Athletic-Works-Women-s-Core-Active-Dri-Works-Bike-Short-2-Pack-Value-Bundle/56248762
151,Avia Women's Flex-Tech Active Compression Leggings with Side Detail,https://www.walmart.com/ip/Avia-Women-s-Flex-Tech-Active-Compression-Leggings-with-Side-Detail/798695911
152,Athletic Works Women's Athleisure Knit Pant Available in Regular and Petite,https://www.walmart.com/ip/Athletic-Works-Women-s-Athleisure-Core-Knit-Pant-in-Regular-and-Petite/374775978
153,GBH Womens Slim Fit Track Joggers - Running Yoga Sports Jogging Workout,https://www.walmart.com/ip/GBH-Womens-Slim-Fit-Track-Joggers-Running-Yoga-Sports-Jogging-Workout/131396321
154,S & P Women's Linen-Cotton Wide Leg Yoga Pants With Fold-over Elastic Waist,https://www.walmart.com/ip/S-P-Women-s-Linen-Cotton-Wide-Leg-Yoga-Pants-With-Fold-over-Elastic-Waist/346708664
155,Athletic Works Women's Core Active Dri-Works Bike Shorts,https://www.walmart.com/ip/Athletic-Works-Women-s-Core-Active-Dri-Works-Bike-Shorts/56248736
156,HDE Women's Rainbow Striped Joggers Drawstring Waist Sweatpants with Pockets (3X),https://www.walmart.com/ip/HDE-Women-s-Rainbow-Striped-Joggers-Drawstring-Waist-Sweatpants-with-Pockets-3X/397747801
157,Avia Women's Active Performance Crewneck Ruched Long Sleeve T-Shirt,https://www.walmart.com/ip/Avia-Women-s-Active-Performance-Crewneck-Ruched-Long-Sleeve-T-Shirt/764434190
158,Athletic Works Women's Core Active Dri-Works Skort,https://www.walmart.com/ip/Athletic-Works-Women-s-Core-Active-Dri-Works-Skort/56248783
159,Athletic Works Women's Athleisure Cropped Jogger,https://www.walmart.com/ip/Athletic-Works-Women-s-Athleisure-Cropped-Jogger/771735943
160,DODOING Women Compression Yoga Shorts Sport Gym Fitness Running Tummy Control Camouflage Pants,https://www.walmart.com/ip/DODOING-Women-Compression-Yoga-Shorts-Sport-Gym-Fitness-Running-Tummy-Control-Camouflage-Pants/412478030
161,Athletic Works Women's Active Commuter Jacket with Hood,https://www.walmart.com/ip/Athletic-Works-Women-s-Active-Commuter-Jacket-with-Hood/591176572
162,Women's Avia Active Fashion Capri,https://www.walmart.com/ip/Women-s-Avia-Active-Fashion-Capri/874260184
163,Avia Women's Active Performance Short Sleeve Crewneck T-Shirt 2-Pack Bundle,https://www.walmart.com/ip/Avia-Women-s-Active-Performance-Crewneck-T-Shirt-2-Pack/820953145
164,Avia Molded Cup Sports Bra,https://www.walmart.com/ip/Avia-Molded-Cup-Sports-Bra/556216838
165,Women's Active High Waisted 7/8 Legging with side pocket and rubber stripes on sides,https://www.walmart.com/ip/Women-s-Active-High-Waisted-7-8-Legging-with-side-pocket-and-rubber-stripes-on-sides/425999604
166,Athletic Works Women's Athleisure 1/4 Button Sherpa Pullover,https://www.walmart.com/ip/Women-s-Athleisure-1-4-Button-Sherpa-Pullover/690394914
167,Women's Avia Activewear Flex Tech Legging,https://www.walmart.com/ip/Avia-Women-s-Flex-Tech-Legging/822761141
168,Athletic Works Women's Active Camo Anorak Jacket with Hood,https://www.walmart.com/ip/Athletic-Works-Women-s-Active-Camo-Anorak-Jacket-with-Hood/699090325
169,Avia Women's Active V-Neck Tunic,https://www.walmart.com/ip/Avia-Women-s-Active-V-Neck-Mini-Dot-Tunic/710801985
170,Athletic Works Racerback Mesh T-Shirt,https://www.walmart.com/ip/Athletic-Works-Racerback-Mesh-T-Shirt/651682938
171,Avia Women's Hooded Short Sleeve Pullover,https://www.walmart.com/ip/Avia-Women-s-Hooded-Short-Sleeve-Pullover/364692799
172,Athletic Works Women's Active Running Jacket,https://www.walmart.com/ip/Athletic-Works-Women-s-Active-Running-Jacket/270412134
173,Avia Women's Flex Tech Capri,https://www.walmart.com/ip/Avia-Women-s-Flex-Tech-Capri-Leggings/685873162
174,Avia Women's Active Performance Flex Tech Bold Stripe Leggings,https://www.walmart.com/ip/Avia-Women-s-Active-Performance-Flex-Tech-Bold-Stripe-Leggings/249350899
175,Athletic Works Women's Active Performance Short Sleeve Crewneck T-Shirt,https://www.walmart.com/ip/Athletic-Works-Women-s-Active-Performance-Short-Sleeve-Crewneck-T-Shirt/779024093
176,Women's Active Avia Capri with Tulip Waistband,https://www.walmart.com/ip/Avia-Women-s-Active-Capris-with-Tulip-Waistband/269605483
177,Athletic Works Women's Athleisure Slim Ripstop Joggers,https://www.walmart.com/ip/Athletic-Works-Women-s-Athleisure-Slim-Ripstop-Joggers/663861452
178,Avia Women's Athleisure Tie Back Hoodie,https://www.walmart.com/ip/Avia-Women-s-Athleisure-Tie-Back-Hoodie/606351187
179,Athletic Works Women's Active Sport's Bra,https://www.walmart.com/ip/Athletic-Works-Women-s-Active-Sport-s-Bra/948412220
180,Athletic Work Side Twist Tie T-Shirt,https://www.walmart.com/ip/Athletic-Works-Women-s-Athleisure-Side-Twist-Tie-T-Shirt/183695272
181,Athletic Works Contrast Stitch Legging,https://www.walmart.com/ip/Athletic-Works-Contrast-Stitch-Legging/103026681
182,Avia Women's Active Colorblock Perforated Tee,https://www.walmart.com/ip/Avia-Women-s-Short-Sleeve-Performance-T-Shirt/372813885
183,Women's Avia Activewear Flex Tech Legging,https://www.walmart.com/ip/Avia-Women-s-Activewear-Flex-Tech-Leggings/843554691
184,Athletic Works Women's Athleisure Commuter Tank,https://www.walmart.com/ip/Athletic-Works-Women-s-Athleisure-Commuter-Tank/369530373
185,Athletic Works Golf Short,https://www.walmart.com/ip/Athletic-Works-Golf-Short/626102682
186,Avia Women's Athleisure Pocket Tee,https://www.walmart.com/ip/Avia-Women-s-Athleisure-Pocket-Tee/578881951
187,Women's Active Airlink High Rise Ankle,https://www.walmart.com/ip/Women-s-Active-Airlink-High-Rise-Ankle/608247079
188,Layer 8 Women's Active 7/8 Pieced Leggings with Pockets,https://www.walmart.com/ip/Layer-8-Women-s-Active-7-8-Pieced-Leggings-with-Pockets/904486399
189,Apana Women's Athleisure Slim Woven Pants with Side Slits,https://www.walmart.com/ip/Apana-Women-s-Athleisure-Slim-Woven-Pants-with-Side-Slits/190409424
190,Layer 8 Women's Active 7/8 Leggings with Side Pockets,https://www.walmart.com/ip/Layer-8-Women-s-Active-7-8-Leggings-with-Side-Pockets/537887675
191,U.S. Polo Assn. Women's Athleisure Zip French Terry Hoodie,https://www.walmart.com/ip/U-S-Polo-Assn-Women-s-Athleisure-Zip-French-Terry-Hoodie/922315937
192,Scorpio Sol Women's Active Serena Pocket Leggings,https://www.walmart.com/ip/Scorpio-Sol-Women-s-Active-Serena-Pocket-Leggings/347535789
193,Gildan Women's Athleisure Heavy Blend Full Zip Hooded Sweatshirt,https://www.walmart.com/ip/Gildan-Women-s-Athleisure-Heavy-Blend-Full-Zip-Hooded-Sweatshirt/48181299
194,Scorpio Sol Women's Active Serena Pocket Leggings,https://www.walmart.com/ip/Scorpio-Sol-Women-s-Active-Serena-Pocket-Leggings/536989166
195,Layer 8 Women's Athleisure Commuter Track Shorts,https://www.walmart.com/ip/Layer-8-Women-s-Athleisure-Commuter-Track-Shorts/763393533
196,Scorpio Sol Women's Active High Waist Leggings,https://www.walmart.com/ip/Scorpio-Sol-Women-s-Active-High-Waist-Leggings/501647055
197,Apana Women's Active Printed Running Shorts,https://www.walmart.com/ip/Apana-Women-s-Active-Printed-Running-Shorts/234642479
198,Danskin's Camo 7/8 Legging,https://www.walmart.com/ip/Danskin-s-Camo-7-8-Legging/762878820
199,Scorpio Sol Women's Active Serena Pocket Leggings,https://www.walmart.com/ip/Scorpio-Sol-Women-s-Active-Serena-Pocket-Leggings/887609991
200,Umbro Women's Active Taped Fitness Short,https://www.walmart.com/ip/Umbro-Women-s-Active-Taped-Fitness-Short/529841057
201,High Waist 7/8 Active Leggings with Printed Color Block,https://www.walmart.com/ip/High-Waist-7-8-Active-Leggings-with-Printed-Color-Block/648205034
202,Champion Womens Campus Skirt,https://www.walmart.com/ip/Champion-Women-s-Campus-Skirt/695555768
203,Champion Women's High Rise Legging Tights,https://www.walmart.com/ip/Champion-Women-s-High-Rise-Legging-Tights/730099131
204,Champion Women's High Rise Print Legging Tights,https://www.walmart.com/ip/Champion-Women-s-High-Rise-Print-Legging-Tights/199137876
205,Champion The Absolute Workout Longline Sports Bra,https://www.walmart.com/ip/Champion-The-Absolute-Workout-Longline-Sports-Bra/366015681
206,Champion Womens Sport Short-Print,https://www.walmart.com/ip/Champion-Women-s-Sport-Short-Print/552333491
207,Champion Womens Classic Tee,https://www.walmart.com/ip/Champion-Women-s-Classic-Tee/401490934
208,Champion Womens Varsity Short- Print,https://www.walmart.com/ip/Champion-Women-s-Varsity-Short-Print/263081773
209,Champion The Absolute Graphic Sports Bra,https://www.walmart.com/ip/Champion-The-Absolute-Graphic-Sports-Bra/620174591
210,Champion Women's Heritage Pant with Taping,https://www.walmart.com/ip/Champion-Women-s-Heritage-Pant-with-Taping/130224610
211,Champion Women's Jersey Capris,https://www.walmart.com/ip/Champion-Women-s-Jersey-Capris/40282754
212,"Champion Womens Track Jacket, L, Black",https://www.walmart.com/ip/Champion-Womens-Track-Jacket-L-Black/419862616
213,Champion Women's Track Pants,https://www.walmart.com/ip/Champion-Women-s-Track-Pants/590424487
214,Champion Women's Authentic Pant with Champion Script,https://www.walmart.com/ip/Champion-Women-s-Authentic-Pant-with-Champion-Script/987951153
215,Champion Womens Campus French Terry Crew Neck Sweatshirt,https://www.walmart.com/ip/Champion-Women-s-Campus-French-Terry-Crew-Neck-Sweatshirt/929286924
216,Champion Womens Sport Muscle Tank,https://www.walmart.com/ip/Champion-Women-s-Sport-Muscle-Tank/483482423
217,Champion The Absolute Comfort Sports Bra,https://www.walmart.com/ip/Champion-The-Absolute-Comfort-Sports-Bra/139787482
218,"Champion Womens Track Pants, L, C Link Logo Athletic Navy, L",https://www.walmart.com/ip/Champion-Womens-Track-Pants-L-C-Link-Logo-Athletic-Navy-L/721688408
219,Champion The Sweatshirt Chevron Racerback Sports Bra,https://www.walmart.com/ip/Champion-The-Sweatshirt-Chevron-Racerback-Sports-Bra/552942480
220,Champion Womens Campus Sleeveless Hoodie,https://www.walmart.com/ip/Champion-Women-s-Campus-Sleeveless-Hoodie/299220140
221,Champion Womens Cropped T-Shirt,https://www.walmart.com/ip/Champion-Women-s-Cropped-T-Shirt/434628032
222,Champion Women's Campus French Terry Crewneck Sweatshirt,https://www.walmart.com/ip/Champion-Women-s-Campus-French-Terry-Crewneck-Sweatshirt/807371277
223,Champion Women's Sport High Rise Legging Tight-Print,https://www.walmart.com/ip/Champion-Women-s-Sport-High-Rise-Legging-Tight-Print/150542118
224,"Champion The Authentic Sports Bra, Allover Logo",https://www.walmart.com/ip/Champion-The-Authentic-Sports-Bra-Allover-Logo/462740968
225,Champion Women's Sport Lightweight Tee,https://www.walmart.com/ip/Champion-Women-s-Sport-Lightweight-Tee/282367135
226,Champion Women's Jersey Joggers,https://www.walmart.com/ip/Champion-Women-s-Jersey-Joggers/171786926
227,Champion Women's The Absolute Workout Sports Bra,https://www.walmart.com/ip/Champion-Women-s-The-Absolute-Workout-Sports-Bra/658520986
228,Champion Women's Infinity Sports Bra,https://www.walmart.com/ip/Champion-Women-s-Infinity-Sports-Bra/331002316
229,Champion Women's Campus Jogger with Taping,https://www.walmart.com/ip/Champion-Women-s-Campus-Jogger-with-Taping/209050543
230,Champion Women's Absolute Semi Fit Pant,https://www.walmart.com/ip/Champion-Women-s-Absolute-Semi-Fit-Pant/176691358
231,Champion Womens Practice Short,https://www.walmart.com/ip/Champion-Women-s-Practice-Short/671636012
232,Lana Cross Back Bra,https://www.walmart.com/ip/Lana-Cross-Back-Bra/718601338
233,Champion Women's Sport Lightweight Muscle Tee-Print,https://www.walmart.com/ip/Champion-Women-s-Sport-Lightweight-Muscle-Tee-Print/563540263
234,U.S. Polo Assn. Women's Athleisure Cropped Hoodie,https://www.walmart.com/ip/U-S-Polo-Assn-Women-s-Athleisure-Cropped-Hoodie/739692328
235,"Champion Womens Campus French Terry Hoodie, L, Cloud Burst Rockin Teal",https://www.walmart.com/ip/Champion-Womens-Campus-French-Terry-Hoodie-L-Cloud-Burst-Rockin-Teal/600741928
236,Champion Women's Double Dry Heather Tee,https://www.walmart.com/ip/Champion-Women-s-Double-Dry-Heather-Tee/219227768
237,U.S. Polo Assn. Women's Tear Away Pants,https://www.walmart.com/ip/U-S-Polo-Assn-Women-s-Tear-Away-Pants/175169962
238,Champion Women's Absolute Semi-Fit Pants,https://www.walmart.com/ip/Champion-Women-s-Absolute-Semi-Fit-Pants/191500528
239,U.S. Polo Assn. Women's Athleisure Print Sweatpants,https://www.walmart.com/ip/U-S-Polo-Assn-Women-s-Athleisure-Print-Sweatpants/706973704
240,Champion Women's Absolute Semi Fit Pant,https://www.walmart.com/ip/Champion-Women-s-Absolute-Semi-Fit-Pant/128234741
241,Head Women's Active Performance Teammate Bra Tank Top,https://www.walmart.com/ip/Head-Women-s-Active-Performance-Teammate-Bra-Tank-Top/583559641
242,Head Women's Active Performance Mesh Bra Tank Top,https://www.walmart.com/ip/Head-Women-s-Active-Performance-Mesh-Bra-Tank-Top/848627254
243,Head Women's Active Vigor Skort,https://www.walmart.com/ip/Head-Women-s-Active-Vigor-Skort/928934527
244,Champion Women's Sport Lightweight Tee,https://www.walmart.com/ip/Champion-Women-s-Sport-Lightweight-Tee/440941732
245,Head Women's Active Fresh Mesh Skort,https://www.walmart.com/ip/Head-Women-s-Active-Fresh-Mesh-Skort/392713306
246,Head Women's Active Pleated Skort,https://www.walmart.com/ip/Head-Women-s-Active-Pleated-Skort/323445404
247,Head Women's Inside Track Marled Shorts,https://www.walmart.com/ip/Head-Women-s-Inside-Track-Marled-Shorts/620264482
248,Head Women's Active Half Mile Shorts,https://www.walmart.com/ip/Head-Women-s-Active-Half-Mile-Shorts/475730654
249,Champion Womens Track Jacket- Allover Logo,https://www.walmart.com/ip/Champion-Women-s-Track-Jacket-Allover-Logo/972151053
250,Layer 8 Women's Active Performance Tank Top,https://www.walmart.com/ip/Layer-8-Women-s-Active-Performance-Tank-Top/369524737
251,Danskin Women's Active Side Scrunch Tee,https://www.walmart.com/ip/Danskin-Women-s-Active-Side-Scrunch-Tee/657044458
252,Head Women's Active Partner Shorts,https://www.walmart.com/ip/Head-Women-s-Active-Partner-Shorts/663986916
253,Champion Women's Powerblend Fleece Pullover Hoodie-Applique,https://www.walmart.com/ip/Champion-Women-s-Powerblend-Fleece-Pullover-Hoodie-Applique/688768006
254,Head Women's Active Fresh Mesh Skort,https://www.walmart.com/ip/Head-Women-s-Active-Fresh-Mesh-Skort/479869971
255,Danskin Women's Active Ribbed Legging,https://www.walmart.com/ip/Danskin-Women-s-Active-Ribbed-Legging/510077103
256,"Champion Womens The Authentic Sports Bra, L, Color Pop Oxford Grey",https://www.walmart.com/ip/Champion-Womens-The-Authentic-Sports-Bra-L-Color-Pop-Oxford-Grey/459832127
257,Scorpio Sol Women's Active Wave Tank,https://www.walmart.com/ip/Scorpio-Sol-Women-s-Active-Wave-Tank-Top/711606650
258,Layer 8 Women's Active Mix Mesh Tank Top,https://www.walmart.com/ip/Layer-8-Women-s-Active-Mix-Mesh-Tank-Top/285234427
259,Champion The Absolute Workout Sports Bra,https://www.walmart.com/ip/Champion-The-Absolute-Workout-Sports-Bra/768952590
260,U.S. Polo Assn. Women's Athleisure Cropped Print Hoodie,https://www.walmart.com/ip/U-S-Polo-Assn-Women-s-Athleisure-Cropped-Print-Hoodie/618203083
261,Keep Up Tank,https://www.walmart.com/ip/Keep-Up-Tank/816528360
262,360Air Women's Active Ultra Lux Cami Bra Top,https://www.walmart.com/ip/360Air-Women-s-Active-Ultra-Lux-Cami-Bra-Top/392637368
263,Umbro Women's Track Pant,https://www.walmart.com/ip/Umbro-Women-s-Track-Pant/966255816
264,Head Women's Active Prestige Skort,https://www.walmart.com/ip/Head-Women-s-Active-Prestige-Skort/220079415
265,Como Blu Women's Plus Size Super Soft Pullover Crewneck Sweatshirt,https://www.walmart.com/ip/Como-Blu-Women-s-Plus-Size-Super-Soft-Pullover-Crewneck-Sweatshirt/687940915
266,Como Blu Women's Plus Size Fleece Quarter-Zip Cozy Pullover,https://www.walmart.com/ip/Como-Blu-Women-s-Plus-Size-Fleece-Quarter-Zip-Cozy-Pullover/579862341
267,Como Blu Women's Plus Size Woobie Cowl Neck Top,https://www.walmart.com/ip/Como-Blu-Women-s-Plus-Size-Woobie-Cowl-Neck-Top/315547155
268,Athletic Works Women's Plus Size Dri-More Bootcut Sweatpants,https://www.walmart.com/ip/Athletic-Works-Women-s-Plus-Size-Dri-More-Bootcut-Sweatpants/643492326
269,Athletic Work's Women's Plus Size Dri-More Core Zip-Up Hoodie,https://www.walmart.com/ip/Athletic-Work-s-Women-s-Plus-Size-Dri-More-Core-Zip-Up-Hoodie/900167648
270,Athletic Works Women's Plus Size Core V-Neck Short Sleeve T-Shirt,https://www.walmart.com/ip/Athletic-Works-Women-s-Plus-Size-Core-V-Neck-Short-Sleeve-T-Shirt/135223626
271,Athletic Works Women's Plus Size Core Crewneck Short Sleeve T-Shirt,https://www.walmart.com/ip/Athletic-Works-Women-s-Plus-Size-Core-Crewneck-Short-Sleeve-T-Shirt/666640663
272,Athletic Works Women's Plus Size Dri More Plus Racer Tank,https://www.walmart.com/ip/Athletic-Works-Women-s-Plus-Size-Dri-More-Plus-Racer-Tank/975856370
273,Champion Womens Plus Powerblend Fleece Joggers,https://www.walmart.com/ip/Champion-Women-s-Plus-Powerblend-Fleece-Joggers/851713602
274,Champion Women's Plus Size Campus French Terry Zip Hoodie,https://www.walmart.com/ip/Champion-Women-s-Plus-Size-Campus-French-Terry-Zip-Hoodie/504414718
275,Champion Women's Plus Size Gym Issue Racerback Tank,https://www.walmart.com/ip/Champion-Women-s-Plus-Size-Gym-Issue-Racerback-Tank/918458055
276,Champion Women's Plus Campus French Terry Crewneck Sweatshirt,https://www.walmart.com/ip/Champion-Women-s-Plus-Campus-French-Terry-Crewneck-Sweatshirt/174461306
277,Champion Women's Plus Size Core Active Track Jacket,https://www.walmart.com/ip/Champion-Women-s-Plus-Size-Core-Active-Track-Jacket/417968438
278,Champion Women's Plus Size Heritage French Terry Tie-Dye Crew,https://www.walmart.com/ip/Champion-Women-s-Plus-Size-Heritage-French-Terry-Tie-Dye-Crew/629919613
279,Champion Women's Plus Size Graphic Fleece Joggers,https://www.walmart.com/ip/Champion-Women-s-Plus-Size-Graphic-Fleece-Joggers/824516094
280,Champion Women's Plus Size Authentic 7/8 Legging,https://www.walmart.com/ip/Champion-Women-s-Plus-Size-Authentic-7-8-Legging/699127737
281,Champion Women's Plus Size Heritage French Terry Logo Print Crewneck Sweatshirt,https://www.walmart.com/ip/Champion-Women-s-Plus-Size-Heritage-French-Terry-Logo-Print-Crewneck-Sweatshirt/617338795
282,Champion Women's Plus Campus French Terry Gingham Crewneck Sweatshirt,https://www.walmart.com/ip/Champion-Women-s-Plus-Campus-French-Terry-Gingham-Crewneck-Sweatshirt/174384084
283,New York Laundry Women's Plus Size Basic French Terry Capri Joggers with Side Detail,https://www.walmart.com/ip/New-York-Laundry-Women-s-Plus-Size-Basic-French-Terry-Capri-Joggers-with-Side-Detail/417248653
284,Champion Womens Plus Size Core Active Track Pants,https://www.walmart.com/ip/Champion-Women-s-Plus-Size-Core-Active-Track-Pants/589753330
285,Champion Women's Plus Size Poweblend Fleece Full Zip Hoodie,https://www.walmart.com/ip/Champion-Women-s-Plus-Size-Poweblend-Fleece-Full-Zip-Hoodie/179138554
286,Champion Women's Plus Size Campus French Terry Jogger Sweatpant,https://www.walmart.com/ip/Champion-Women-s-Plus-Size-Campus-French-Terry-Jogger-Sweatpant/954801511
287,Champion Women's Plus Size Powerblend Logo Graphic Crewneck Sweatshirt,https://www.walmart.com/ip/Champion-Women-s-Plus-Size-Powerblend-Logo-Graphic-Crewneck-Sweatshirt/800166644
288,Champion Women's Plus Size Authentic Logo Bike Short,https://www.walmart.com/ip/Champion-Women-s-Plus-Size-Authentic-Logo-Bike-Short/214908389
289,Champion Womens Plus Size Authentic Logo Print 7/8 Cotton Leggings,https://www.walmart.com/ip/Champion-Women-s-Plus-Size-Authentic-Logo-Print-7-8-Cotton-Leggings/317055417
290,Champion Women's Plus Size Authentic 7/8 Tie-Dye Detail Legging,https://www.walmart.com/ip/Champion-Women-s-Plus-Size-Authentic-7-8-Tie-Dye-Detail-Legging/739099213
291,Champion Women's Plus Size Cropped Logo T-Shirt,https://www.walmart.com/ip/Champion-Women-s-Plus-Size-Cropped-Logo-T-Shirt/466914944
292,Hanes ComfortSoft EcoSmart Women's Fleece Full-Zip Hoodie Sweatshirt,https://www.walmart.com/ip/Hanes-ComfortSoft-EcoSmart-Women-s-Fleece-Full-Zip-Hoodie-Sweatshirt/55172504
293,Hanes Women's Athleisure French Terry Pant with Pockets,https://www.walmart.com/ip/Hanes-Women-s-Athleisure-French-Terry-Pant-with-Pockets/47324986
294,Just My Size Women's Plus Size Fleece Zip Hood Jacket,https://www.walmart.com/ip/Just-My-Size-Women-s-Plus-Size-Fleece-Zip-Hood-Jacket/55483808
295,Avia Women's Athleisure Commuter Pants,https://www.walmart.com/ip/Avia-Women-s-Athleisure-Commuter-Pants/307642254
296,Terra & Sky Women's Plus Size Soft Full Length Legging,https://www.walmart.com/ip/Terra-Sky-Women-s-Plus-Size-Soft-Full-Length-Legging/357851581
297,Winter Warm Fleece Lined Thick Brushed Full Length Leggings Thights Pants,https://www.walmart.com/ip/Winter-Warm-Fleece-Lined-Thick-Brushed-Full-Length-Leggings-Thights-Pants/701928706
298,Athletic Works Women's Dri More Capri Core Leggings,https://www.walmart.com/ip/Athletic-Works-Women-s-Dri-More-Capri-Core-Leggings/260966622
299,Womens Ladies Joggers Tracksuit Bottoms Trousers Slacks Gym Jogging Sweat Pants White,https://www.walmart.com/ip/Womens-Ladies-Joggers-Tracksuit-Bottoms-Trousers-Slacks-Gym-Jogging-Sweat-Pants-White/153209717
300,Avia Flex Tech 7/8ths Length Legging,https://www.walmart.com/ip/Avia-Flex-Tech-7-8ths-Length-Leggings/369716961
301,"Athletic Works Women's Athleisure Dri More Core Active 12"" Bermuda Shorts",https://www.walmart.com/ip/Athletic-Works-Women-s-Athleisure-Dri-More-Core-Active-12-Bermuda-Shorts/857831313
302,Women's Cinch Bottom Sweatpants Pockets High Waist Sporty Gym Athletic Fit Jogger Pants Lounge Trousers Gray L,https://www.walmart.com/ip/Women-s-Cinch-Bottom-Sweatpants-Pockets-High-Waist-Sporty-Gym-Athletic-Fit-Jogger-Pants-Lounge-Trousers-Gray-L/270932430
303,Champion Women's Jersey Shorts,https://www.walmart.com/ip/Champion-Women-s-Jersey-Shorts/40575041
304,Just My Size Women's Plus Size Short Sleeve French Terry Graphic Cowlneck Tunic,https://www.walmart.com/ip/Just-My-Size-Women-s-Plus-Size-Short-Sleeve-French-Terry-Graphic-Cowlneck-Tunic/55530991
305,Doublju Women's 3 Color Block Pocket Zip-Up Hoodie Jacket for Women with Plus Size,https://www.walmart.com/ip/Doublju-Women-s-3-Color-Block-Pocket-Zip-Up-Hoodie-Jacket-for-Women-with-Plus-Size/876064016
306,Champion Women's Powerblend Fleece Pullover Hoodie,https://www.walmart.com/ip/Champion-Women-s-Powerblend-Fleece-Pullover-Hoodie/332453698
307,"Clothes for Women on Clearance, Long Sleeve Baseball Coat for Women, Red / Black Button Front Tops with Pockets Hoodies Jacket for Women, S-XL",https://www.walmart.com/ip/Clothes-for-Women-on-Clearance-Long-Sleeve-Baseball-Coat-for-Women-Red-Black-Button-Front-Tops-with-Pockets-Hoodies-Jacket-for-Women-S-XL/665431133
308,Champion Womens Boyfriend Tee,https://www.walmart.com/ip/Champion-Women-s-Boyfriend-Tee/940475737
309,Champion Women's Powerblend Fleece Joggers-Graphic,https://www.walmart.com/ip/Champion-Womens-Powerblend-Fleece-Joggers-M-Vertical-Granite-Heather/301511829
310,Athletic Works Women's Athleisure French Terry Relaxed Fit Sweatpants,https://www.walmart.com/ip/Athletic-Works-Women-s-Athleisure-French-Terry-Relaxed-Fit-Sweatpants/705427164
311,Champion The Sweatshirt Cami Sports Bra,https://www.walmart.com/ip/Champion-The-Sweatshirt-Cami-Sports-Bra/687014987
312,Champion Women's Powerblend Boyfriend Graphic Crewneck Sweatshirt,https://www.walmart.com/ip/Champion-Women-s-Powerblend-Boyfriend-Graphic-Crewneck-Sweatshirt/828507606
313,QRIC Yoga Pants for Women with Pockets High Waisted 4 Way Stretch Workout Leggings for Women,https://www.walmart.com/ip/QRIC-Yoga-Pants-for-Women-with-Pockets-High-Waisted-4-Way-Stretch-Workout-Leggings-for-Women/917316622
314,Made by Olivia Women's Super Soft Sherpa Front Pocket Hoodie Pullover,https://www.walmart.com/ip/Made-by-Olivia-Women-s-Super-Soft-Sherpa-Front-Pocket-Hoodie-Pullover/363796086
315,Athletic Works Women's Dri More Core Active Full Zip Hoodie,https://www.walmart.com/ip/Athletic-Works-Women-s-Dri-More-Core-Active-Full-Zip-Hoodie/889774906
316,Avia Women's Active Polar Fleece,https://www.walmart.com/ip/Avia-Women-s-Active-Polar-Fleece-Zip-Up-Sweater-with-Funnel-Neck/127456667
317,Ma Croix Womens Premium French Terry Joggers Cotton Blended Sweatpants,https://www.walmart.com/ip/Ma-Croix-Womens-Premium-French-Terry-Joggers-Cotton-Blended-Sweatpants/593877653
318,GBH Women's Loose-Fit Fleece-Lined Pullover Hoodie (S-2XL),https://www.walmart.com/ip/GBH-Women-s-Loose-Fit-Fleece-Lined-Pullover-Hoodie-S-2XL/745769155
319,GBH 2 Pack Women's Fleece & French Terry Jogger Pants- Slim Fit,https://www.walmart.com/ip/GBH-2-Pack-Women-s-Fleece-French-Terry-Jogger-Pants-Slim-Fit/800412537
320,2Pcs Women Tracksuit Hoodies Sweatshirt + Pants Sets Athleisure Casual Sport Wear Suit,https://www.walmart.com/ip/2Pcs-Women-Tracksuit-Hoodies-Sweatshirt-Pants-Sets-Athleisure-Casual-Sport-Wear-Suit/785888102
321,Avamo Women's Bootcut Yoga Pants with Pockets Moisture-Wicking High Waist Bootleg Gym Fitness Trousers Plus Size Pant Stretch Yoga Workout Pants for Women,https://www.walmart.com/ip/Avamo-Women-s-Bootcut-Yoga-Pants-Pockets-Moisture-Wicking-High-Waist-Bootleg-Gym-Fitness-Trousers-Plus-Size-Pant-Stretch-Workout-Women/963922959
322,"LELINTA Women's Active Yoga Sweatpants Workout Joggers Pants Lounge Sweat Pants with Pockets, Red/ Purple, S-2XL",https://www.walmart.com/ip/LELINTA-Women-s-Active-Yoga-Sweatpants-Workout-Joggers-Pants-Lounge-Sweat-Pants-with-Pockets-Red-Purple-S-2XL/767712961
323,Grayson Social Juniors' Plus Printed Fleece Pullover Sweatshirt,https://www.walmart.com/ip/Grayson-Social-Juniors-Plus-Printed-Fleece-Pullover-Sweatshirt/258768709
324,Women's French Terry Lightweight Sweatpants with Pockets,https://www.walmart.com/ip/Women-s-French-Terry-Lightweight-Sweatpants-with-Pockets/774412118
325,Lee Riders Women's Plus Size Long Sleeve Knit Fleece Plaid Button-Up Shirt,https://www.walmart.com/ip/Lee-Riders-Women-s-Plus-Size-Long-Sleeve-Knit-Fleece-Plaid-Button-Up-Shirt/358103289
326,New York Laundry Women's Plus Size Speckled Jersey Capri Joggers,https://www.walmart.com/ip/New-York-Laundry-Women-s-Plus-Size-Speckled-Jersey-Capri-Joggers/789704423
327,Plus Size Velour Sweatsuits for Women Two Piece Tracksuit Long Sleeve Solid Velour Sweatsuit Set Hoodie & Pants Sport Velour Suits Sets,https://www.walmart.com/ip/Plus-Size-Velour-Sweatsuits-for-Women-Two-Piece-Tracksuit-Long-Sleeve-Solid-Velour-Sweatsuit-Set-Hoodie-Pants-Sport-Velour-Suits-Sets/314833673
328,Just My Size Women's Plus Size French Terry V-Neck Pullover Hoodie,https://www.walmart.com/ip/Just-My-Size-Women-s-Plus-Size-French-Terry-V-Neck-Pullover-Hoodie/55531048
329,Como Blu Women's Plus Size Super Soft Athleisure Joggers,https://www.walmart.com/ip/Como-Blu-Women-s-Plus-Size-Super-Soft-Athleisure-Joggers/660421335
330,Women's Active Power Mesh Tee,https://www.walmart.com/ip/Women-s-Active-Power-Mesh-Tee/989727693
331,Ma Croix Women's Athleisure Soft Jogger Pants,https://www.walmart.com/ip/Ma-Croix-Women-s-Athleisure-Soft-Jogger-Pants/867423970
332,"HDE Women's Retro Athletic Fashion Dolphin Running Workout Shorts (Black, Small)",https://www.walmart.com/ip/HDE-Women-s-Retro-Athletic-Fashion-Dolphin-Running-Workout-Shorts-Black-Small/163825799
333,Como Blu Women's Plus Size Athleisure Super Soft Speckled Pullover Hoodie,https://www.walmart.com/ip/Como-Blu-Women-s-Plus-Size-Athleisure-Super-Soft-Speckled-Pullover-Hoodie/172081174
334,Just My Size Women's Plus Active Short Sleeve Tee,https://www.walmart.com/ip/Just-My-Size-Women-s-Plus-Active-Short-Sleeve-Tee/55531074
335,Ma Croix Women's Baseball Button Down Hip Hop Jersey,https://www.walmart.com/ip/Ma-Croix-Women-s-Baseball-Button-Down-Hip-Hop-Jersey/998558461
336,Women's Oversized Loose-Fit Fleece-Lined Pullover Hoodie (M-2XL),https://www.walmart.com/ip/Women-s-Oversized-Loose-Fit-Fleece-Lined-Pullover-Hoodie-M-2XL/824697172
337,Avia Women's Plus Size Active Fleece Pullover,https://www.walmart.com/ip/Avia-Women-s-Plus-Size-Active-Fleece-Pullover/485440701
338,Champion Womens Authentic Bike Short,https://www.walmart.com/ip/Champion-Women-s-Authentic-Bike-Short/601331733
339,GBH 2-Pack Women's Fleece & French Terry Jogger Pants- Slim Fit,https://www.walmart.com/ip/GBH-2-Pack-Women-s-Fleece-French-Terry-Jogger-Pants-Slim-Fit/157275670
340,"Belle Tweed Juniors' Cinched Shorts, 2-pack",https://www.walmart.com/ip/Belle-Tweed-Juniors-Cinched-Shorts-2-pack/738909106
341,Avia Women's Plus Size Active Fleece Leggings,https://www.walmart.com/ip/Avia-Women-s-Plus-Size-Active-Fleece-Leggings/128407577
342,Champion Womens Packable Jacket,https://www.walmart.com/ip/Champion-Women-s-Packable-Jacket/398481584
343,Women's Champion Powerblend Applique Boyfriend Crew Beloved Orchid,https://www.walmart.com/ip/Women-s-Champion-Powerblend-Applique-Boyfriend-Crew-Beloved-Orchid/397895250
344,Avia Women's Plus Size Active Polar Fleece Zip Up,https://www.walmart.com/ip/Avia-Women-s-Plus-Size-Active-Polar-Fleece-Zip-Up-Jacket/317244276
345,New York Laundry Women's Plus Size Tummy Control Flared Leg Pants,https://www.walmart.com/ip/New-York-Laundry-Women-s-Plus-Size-Tummy-Control-Flared-Leg-Pants/292343799
346,"Champion Womens Racerback Tank, S, White, S, White",https://www.walmart.com/ip/Champion-Womens-Racerback-Tank-S-White-S-White/257815881
347,"Mossy Oak Women's Fleece Camo Full Zip Jacket, MO Country",https://www.walmart.com/ip/Mossy-Oak-Women-s-Fleece-Camo-Full-Zip-Jacket-MO-Country/187081881
348,LELINTA Women's Racerback Sports Bra Padded Seamless Comfortable Yoga Bra High Neck Workout Bra Tops,https://www.walmart.com/ip/LELINTA-Women-s-Racerback-Sports-Bra-Padded-Seamless-Comfortable-Yoga-Bra-High-Neck-Workout-Bra-Tops/413531982
349,Champion Women's Sport High Rise Legging Tight,https://www.walmart.com/ip/Champion-Women-s-Sport-High-Rise-Legging-Tight/994623245
350,Champion Women's Cropped Heritage Coaches Jacket,https://www.walmart.com/ip/Champion-Women-s-Cropped-Heritage-Coaches-Jacket/450396554
351,Champion Women's Authentic Graphic Capri Leggings,https://www.walmart.com/ip/Champion-Women-s-Authentic-Graphic-Capri-Leggings/500240841
352,Shape Women's Active Ghost Windbreaker,https://www.walmart.com/ip/Shape-Women-s-Active-Ghost-Windbreaker/844546657
353,360Air Women's Athleisure Featherweight Pant with Tie,https://www.walmart.com/ip/360Air-Women-s-Athleisure-Featherweight-Pant-with-Tie/421462708
354,Bally Total Fitness Women's Active Asana Crop Hoodie,https://www.walmart.com/ip/Bally-Total-Fitness-Women-s-Active-Asana-Crop-Hoodie/714174892
355,Bally Total Fitness Women's Active Express Short Sleeve T-Shirt,https://www.walmart.com/ip/Bally-Total-Fitness-Women-s-Active-Express-Short-Sleeve-T-Shirt/239434684
356,Bally Total Fitness Women's Active Spacer Short Sleeve T-Shirt,https://www.walmart.com/ip/Bally-Total-Fitness-Women-s-Active-Spacer-Short-Sleeve-T-Shirt/444075136
357,Threads 4 Thought Women's Athleisure Triblend Zip Hoodie,https://www.walmart.com/ip/Threads-4-Thought-Women-s-Athleisure-Triblend-Zip-Hoodie/986804800
358,Fashion Women's Yoga Crop Top Comforts Sports Bra Bralette with Removable Pads Spaghetti Strap Tank Camisole Crop Tank for Sports Yoga Sleeping,https://www.walmart.com/ip/Fashion-Women-s-Yoga-Crop-Top-Comforts-Sports-Bra-Bralette-with-Removable-Pads-Spaghetti-Strap-Tank-Camisole-Crop-Tank-for-Sports-Yoga-Sleeping/351594369
359,Champion Women's Absolute Capris,https://www.walmart.com/ip/Champion-Women-s-Absolute-Capris/763297469
360,Champion The Absolute Workout Sports Bra,https://www.walmart.com/ip/Champion-The-Absolute-Workout-Sports-Bra/916966811
361,Women's Butt Lifting High Waist Yoga Pants Tummy Control Stretchy Workout Leggings Booty Tights Pants,https://www.walmart.com/ip/Women-s-Butt-Lifting-High-Waist-Yoga-Pants-Tummy-Control-Stretchy-Workout-Leggings-Booty-Tights-Pants/176339617
362,Generic Women's Active Performance Bike Short Wi,https://www.walmart.com/ip/Women-s-Active-Performance-Printed-Side-Panel-Bike-Shorts/56113876
363,Athletic Works Women's Plus Size Active Printed Skort,https://www.walmart.com/ip/Athletic-Works-Women-s-Plus-Size-Active-Printed-Skort/934025602
364,"Champion Womens Freedom Seamless Sports Bra - Best-Seller, L, White",https://www.walmart.com/ip/Champion-Womens-Freedom-Seamless-Sports-Bra-Best-Seller-L-White/40219074
365,Women's Active Elite Short Sleeve T-Shirt,https://www.walmart.com/ip/Women-s-Active-Elite-T-Shirt/396177147
366,Women's High Waisted Seamless Leggings Workout Gym Tight Yoga Pants Hollowt Out Design Black/Green/Grey,https://www.walmart.com/ip/Women-s-High-Waisted-Seamless-Leggings-Workout-Gym-Tight-Yoga-Pants-Hollowt-Out-Design-Black-Green-Grey/620300675
367,SAYFUT Women's Performance Double layer Running Shorts Workout Sports Yoga Shorts Tights Pants,https://www.walmart.com/ip/SAYFUT-Women-s-Performance-Double-layer-Running-Shorts-Workout-Sports-Yoga-Shorts-Tights-Pants/601496791
368,Women's Active Performance Athletic Tape Pullover,https://www.walmart.com/ip/Women-s-Active-Performance-Athletic-Tape-Pullover/567543464
369,SAYFUT Womens Slimming Workout Sauna Tank Top Shapewear for Weight Loss Sports Vest,https://www.walmart.com/ip/SAYFUT-Women-s-Slimming-Workout-Sauna-Tank-Top-Shapewear-for-Weight-Loss-Sports-Vest/891776801
370,Champion Infinity Asymmetrical Racerback Sports Bra,https://www.walmart.com/ip/Champion-Infinity-Asymmetrical-Racerback-Sports-Bra/178773012
371,Head Women's Active Spike Woven Skort,https://www.walmart.com/ip/Head-Women-s-Active-Spike-Woven-Skort/696699080
372,Champion Women's Cropped Heritage Coaches Jacket,https://www.walmart.com/ip/Champion-Women-s-Cropped-Heritage-Coaches-Jacket/998729064
373,New York Laundry Women's Plus Size Cotton Bike Shorts with Pocket,https://www.walmart.com/ip/New-York-Laundry-Women-s-Plus-Size-Cotton-Bike-Shorts-with-Pocket/547001223
374,Champion Women's Faux Sherpa Hoodie,https://www.walmart.com/ip/Champion-Women-s-Faux-Sherpa-Hoodie/261197450
375,Women's Active Airlink High Rise Ankle,https://www.walmart.com/ip/Women-s-Active-Airlink-High-Rise-Ankle/726072394
376,Champion Women's Heritage Bomber Jacket,https://www.walmart.com/ip/Champion-Women-s-Heritage-Bomber-Jacket/412824969
377,Champion Women's Campus Fleece Cropped Crewneck Sweatshirt,https://www.walmart.com/ip/Champion-Women-s-Campus-Fleece-Cropped-Crewneck-Sweatshirt/283348520
378,Women's Plus Active Button Down Two Tone Sherpa Pullover,https://www.walmart.com/ip/Athletic-Works-Women-s-Plus-Size-Athleisure-Button-Front-Fleece-Popover/176114363
379,GBH Women's Fleece-Lined Zip Hoodie (S-3XL),https://www.walmart.com/ip/GBH-Women-s-Fleece-Lined-Zip-Hoodie-S-3XL/524397413
380,Champion Womens Campus Ringer Tee,https://www.walmart.com/ip/Champion-Women-s-Campus-Ringer-Tee/247156292
381,Women's Active Twist Back Tank,https://www.walmart.com/ip/Women-s-Active-Twist-Back-Tank/927668790
382,Liv & Lottie Juniors' Fleece Shorts,https://www.walmart.com/ip/Liv-Lottie-Juniors-Fleece-Shorts/488595716
383,Just My Size Women's Plus Size Active Full Length Legging,https://www.walmart.com/ip/Just-My-Size-Women-s-Plus-Size-Active-Full-Length-Legging/56204057
384,Just My Size Women's Plus Size French Terry Performance Sweatpants,https://www.walmart.com/ip/Just-My-Size-Women-s-Plus-Size-French-Terry-Performance-Sweatpants/56204088
385,Head Women's Active Parntner Skort,https://www.walmart.com/ip/Head-Women-s-Active-Parntner-Skort/212267560
386,Champion Women's Sport 7/8 Pocket Tight,https://www.walmart.com/ip/Champion-Women-s-Sport-7-8-Pocket-Tight/343511391
387,DODOING Womens Color Block Spliced Stretchy Workout Sportys Yoga Leggings Pants,https://www.walmart.com/ip/DODOING-Womens-Color-Block-Spliced-Stretchy-Workout-Sportys-Yoga-Leggings-Pants/304788513
388,No Boundaries Juniors' Plus Good Vibes Brushed Fleece Joggers,https://www.walmart.com/ip/No-Boundaries-Juniors-Plus-Good-Vibes-Brushed-Fleece-Joggers/350304901
389,"New York Laundry Women's Plus Size 9"" Bike Shorts with Pockets",https://www.walmart.com/ip/New-York-Laundry-Women-s-Plus-Size-9-Bike-Shorts-with-Pockets/654102971
390,Champion Women's Powerblend Boyfriend Graphic Crewneck Sweatshirt,https://www.walmart.com/ip/Champion-Women-s-Powerblend-Boyfriend-Graphic-Crewneck-Sweatshirt/710395801
391,Champion Womens Plus Size French Terry Lounge Bermuda Short,https://www.walmart.com/ip/Champion-Women-s-Plus-Size-French-Terry-Lounge-Bermuda-Short/593829841
392,LELINTA Women's High Waisted Bottom Butt Pants Ruched Yoga Shorts Push Up Butt Lift Trousers,https://www.walmart.com/ip/LELINTA-Women-s-High-Waisted-Bottom-Butt-Pants-Ruched-Yoga-Shorts-Push-Up-Butt-Lift-Trousers/923053751
393,Champion Women's and Women's Plus Pajama Racerback Tank Top,https://www.walmart.com/ip/Champion-Women-s-and-Women-s-Plus-Pajama-Racerback-Tank-Top/345083292
394,Champion Women's Jogger Tights,https://www.walmart.com/ip/Champion-Women-s-Jogger-Tights/975000468
395,Champion Women's Explorer Fleece Crewneck Sweatshirt,https://www.walmart.com/ip/Champion-Women-s-Explorer-Fleece-Crewneck-Sweatshirt/549674590
396,Athletic Works Women's Dri More Core Legging,https://www.walmart.com/ip/Athletic-Works-Women-s-Dri-More-Core-Legging/163544055
397,Champion Women's Campus Long Sleeve Tee,https://www.walmart.com/ip/Champion-Women-s-Campus-Long-Sleeve-Tee/707288290
398,Champion Women's Plus Size Powerblend Graphic Crewneck Sweatshirt,https://www.walmart.com/ip/Champion-Women-s-Plus-Size-Powerblend-Graphic-Crewneck-Sweatshirt/544605196
399,Impact By Jillian Michaels Women's Fitspiration Relaxed Fit Graphic Tank,https://www.walmart.com/ip/Women-s-Fitspiration-Relaxed-Fit-Graphic-Tank/55089180
